priority,status,programme,country_region,sector,unfire_fit,max_funding,funding_rate,individual_allowed,company_required,partner_required,upfront_payment,matching_required,equity_or_debt,deadline,main_barrier,official_source
A,PREPARE-NOW,EIC Pathfinder DeepRAP,EU,AI / deep-tech,Bolt,Up to EUR 4000000,Up to 100%,VERIFY,Legal entity required,No for mono-beneficiary route,VERIFY,No ordinary matching identified,None,2026-10-28,Applicant legal route + scientific credibility,https://eic.ec.europa.eu/eic-funding-opportunities/eic-pathfinder/eic-pathfinder-challenges-2026_en
A,PREPARE-NOW,AI4Gov-X FSTP,EU,Public sector AI,Bolt / Municipal / Public / Privacy / Compliance,VERIFY,VERIFY,Yes,No,No/depends on challenge,VERIFY,VERIFY,None,2027-02-28 23:59 Brussels,Exact challenge terms and grant amount,https://interoperable-europe.ec.europa.eu/eu-digital-funding-opportunities
A,PREPARE-NOW,EIT AI Entrepreneurs Lab,EU,AI / robotics,Bolt,EUR 10000 prize,Prize,Yes,No,No,Not applicable,No,None,2026-10-21 17:00 CET,Eligibility profile includes Masters/PhD students or graduates,https://www.eit.europa.eu/our-activities/opportunities/ai-entrepreneurs-lab
A,PREPARE-NOW,NLnet Restack,Europe / international,FOSS / internet infrastructure,Bolt Open Execution Ledger,EUR 5000-50000 initial,Grant,Yes,No,No,Milestone/task based,No,None,2026-11-03 12:00 CET,Open-source + AI policy,https://nlnet.nl/restack/
A,PREPARE-NOW,NLnet CodeSupply,Europe / international,Software supply chain / FOSS,Open AI Build Provenance,EUR 5000-50000 initial,Grant,Yes,No,No,Milestone/task based,No,None,2026-11-03 12:00 CET,Open-source + AI policy,https://nlnet.nl/codesupply/
A,CONDITIONAL,Innowwide Autumn 2026,EU SME / global market entry,Internationalisation,Multiple Unfire products,EUR 60000,Fixed grant,No,Yes,Independent local counterpart required,70% pre-financing / 30% final,VERIFY,None,2026-12-01 14:00 CET,Requires SME + target-country counterpart,https://www.eurekanetwork.org/programmes-and-calls/innowwide/5th-innowwide-call-for-market-feasibility-projects-autumn-2026/
A,CONDITIONAL,NACHIP 2nd Open Call,EU I3 eligible regions,Hydrogen / energy,Power / Energy Hub / monitoring,EUR 60000 per SME,100% lump sum,No,Yes,Optional consortium,VERIFY,No,None,2026-11-09,SME + eligible regional establishment,https://interregional-innovation-investments.ec.europa.eu/news/nachip-launches-second-open-call-smes-developing-innovative-hydrogen-solutions
B,CONDITIONAL,I3FLOAT 1st Open Call,EU I3 eligible regions,Offshore wind,Power / Energy / logistics,EUR 60000 per SME,VERIFY,No,Yes,Depends on route,VERIFY,VERIFY,None,2026-11-10 17:00 CET,Regional eligibility / partner route,https://interregional-innovation-investments.ec.europa.eu/news/i3float-launches-first-open-call-floating-offshore-wind-innovation
B,CONDITIONAL,EIT Culture and Creativity Innovation Projects,EU / Horizon eligible,Audiovisual / creator / responsible AI,Creator / Rights / audiovisual AI,EUR 20000 stage 1 / up to EUR 900000 stage 2,VERIFY,No,Yes,No at stage 1,VERIFY,VERIFY,None,2026-10-30 17:00 CET,Legal entity + TRL 7 required,https://www.eit.europa.eu/our-activities/opportunities/eit-culture-creativity-innovation-projects-open-call
B,PARTNER,I3 Strand 1 2026,EU,Interregional innovation,Energy / manufacturing / AI / logistics / public,Project-level multi-million,EU programme co-funding,No,Yes,Yes,Programme-specific,Programme-specific,None,2026-11-12 17:00 CET,Consortium and regional smart-specialisation requirements,https://eismea.ec.europa.eu/funding-opportunities/calls-proposals/interregional-innovation-investments-strand-1-i3-2026-inv1_en
B,WATCH,Innovation Fund IF26 SME,EU,Climate / net zero,Power / Climate / Energy / Industry,Call budget EUR 200000000,VERIFY,No,Yes,No/depends on call,VERIFY,VERIFY,None,Expected end March 2027,SME + climate project CAPEX EUR 2.5M-20M,https://climate.ec.europa.eu/areas-action/eu-funding-climate-action/innovation-fund/calls-proposals/if26-sme-call_en
B,WATCH,Innovation Fund IF26 Hydrogen Auction,EU,Hydrogen,Power / Hydrogen,Call budget EUR 500000000,Auction support,No,Yes,Project specific,VERIFY,VERIFY,None,Expected Feb 2027,Hydrogen production project required,https://climate.ec.europa.eu/areas-action/eu-funding-climate-action/innovation-fund/calls-proposals/if26-hydrogen-auction_en
B,WATCH,EIC Accelerator Climate Adaptation Challenge,EU,Climate adaptation,Climate Radar / infrastructure / water / resilience,Grant plus optional investment,Not 100% grant,No,Yes,No,Programme-specific,Yes for grant component structure may be below 100%,Potential equity component,2026 cutoffs vary,Does not meet current strict zero-risk filter,https://eic.ec.europa.eu/eic-funding-opportunities/eic-accelerator/eic-accelerator-challenges-2026_en
C,EXCLUDED,SYSTEMEU FSTP,Selected EU regions,Energy / health / mobility,Power / mobility / public,Up to EUR 600000,Up to 100% for eligible startup route,No,Yes,Regional route required,Partial pre-financing,Regional/project conditions,None,2026-11-16 17:00 CET,Catalonia not direct eligible under current route,https://systemeuvalley.eu/
C,EXCLUDED,Vinnova Accelerated Startup Partnership 2026,Sweden,Industrial innovation,Industrial / mobility,SEK 500000-750000,Varies,No,Company route,Partner/project structure,Varies,At least 25% project co-financing,None,2026-10-29 14:00,Fails zero-matching rule,https://www.vinnova.se/
C,EXCLUDED,NSF SBIR STTR 26-510,United States,Deep tech / software,Bolt / AI,Phase I up to USD 305000,No voluntary cost sharing,No,US small business required,No,US federal terms,No voluntary cost sharing,None,2026-11-04,US ownership/control requirements,https://www.nsf.gov/funding/opportunities/small-business-innovation-research-small-business-technology
A,PARTNER,DIGITAL Europe CYBER-11-AI4SME,EU,Cybersecurity / AI,Cybersecurity / Privacy Lens / Bolt / Compliance,EUR 3000000-5000000 indicative,Programme-specific,No,Yes,Likely consortium,Programme-specific,VERIFY,None,2027-01-14,Entity/consortium and cybersecurity scope required,https://ec.europa.eu/info/funding-tenders/opportunities/portal/screen/opportunities/topic-details-tr/DIGITAL-ECCC-2027-DEPLOY-CYBER-11-AI4SME
A,PARTNER,DIGITAL Europe CYBER-11-CYBERAI,EU,Cybersecurity / trustworthy AI,Bolt / Cybersecurity / Privacy / AI safety,EUR 3000000-5000000 indicative,Programme-specific,No,Yes,Likely consortium,Programme-specific,VERIFY,None,2027-01-14,Large DIGITAL consortium/project structure,https://ec.europa.eu/info/funding-tenders/opportunities/portal/screen/opportunities/topic-details-tr/DIGITAL-ECCC-2027-DEPLOY-CYBER-11-CYBERAI
B,PARTNER,Internal Security Fund Digital Investigations and Standardisation,EU,Digital evidence / standards / law enforcement,Bolt provenance / Compliance / Cybersecurity / interoperability,EUR 1000000-2500000,Co-funding,No,Yes,Yes,Programme-specific,Yes/VERIFY,None,2026-12-15,Law-enforcement or judicial operational use case required,https://home-affairs.ec.europa.eu/news/call-proposals-fund-projects-supporting-digital-investigations-and-standardisation-2026-09-25_en
B,WATCH,AquaLoops4Med future cascade calls,Catalonia + Mediterranean regions,Water / agrifood / circular economy,Water / Agriculture / Resource Management,Up to EUR 60000 per SME,VERIFY,No,Yes,Potential regional partnership,VERIFY,VERIFY,None,FUTURE,Current identified round already launched earlier in 2026,https://interregional-innovation-investments.ec.europa.eu/news/aqualoops4med-open-call
B,PARTNER,Horizon Europe Critical Strategic Raw Materials 2027,EU,Critical raw materials / advanced materials,Critical Materials / Mineral / Commodities / Resource Management,Project-level multi-million,Horizon IA,No,Yes,Yes,Programme-specific,Programme-specific,None,2027-02-02 17:00 Brussels,Consortium + TRL 5-7 + industrial value chain required,https://ec.europa.eu/info/funding-tenders/opportunities/portal/screen/opportunities/topic-details-tr/HORIZON-CL4-2027-01-MAT-PROD-22
A,PARTNER,DIGITAL Europe CYBER-11-DUALUSE,EU,Cybersecurity / dual use,Cybersecurity / Bolt / Safety / Resilience,EUR 3000000-5000000 indicative,Programme-specific,No,Yes,Likely consortium,Programme-specific,VERIFY,None,2027-01-14,Entity and dual-use cybersecurity consortium required,https://ec.europa.eu/info/funding-tenders/opportunities/portal/
B,PARTNER,DIGITAL Europe CYBER-11-COORDPREP,EU,Cyber preparedness / resilience,Cybersecurity / Safety / Public / Resilience,Approx EUR 1500000,Programme-specific,No,Yes,Likely consortium,Programme-specific,VERIFY,None,2027-01-14,Coordinated preparedness and cybersecurity scope,https://ec.europa.eu/info/funding-tenders/opportunities/portal/
B,PARTNER,CEF Transport 2026,EU,Transport / logistics / resilient infrastructure,Logistics / Supply / Network / Public,Call budget EUR 1100000000,CEF co-funding,No,Yes,Yes,Programme-specific,Yes,None,2026-10-06 17:00 CEST,TEN-T infrastructure project required,https://cinea.ec.europa.eu/funding-opportunities/calls-proposals/2026-cef-transport-calls-proposals_en
C,PARTNER,Critical Raw Materials Stockpiling Pilot,EU,Critical raw materials / supply resilience,Mineral / Commodities / Resource Management / Supply,VERIFY,EU pilot contract / support,No,Yes,Yes,Programme-specific,VERIFY,None,2026-10-09,Requires operational capability to design and manage stockpiling mechanism,https://single-market-economy.ec.europa.eu/calls-expression-interest/selection-implementing-entity-pilot-project-stockpiling-critical-raw-materials_en
A,PARTNER,NetZeroCities Enabling City Transformation 2,EU,Smart cities / climate transition,Municipal / Public / Climate / Energy / Real Estate,VERIFY,Cascade funding,No,Yes/City route,Yes,Programme-specific,VERIFY,None,2026-12-03,City transformation consortium/pilot required,https://ec.europa.eu/info/funding-tenders/opportunities/portal/screen/opportunities/calls-for-proposals
A,PARTNER,New European Bauhaus Facility 2026,EU,Built environment / neighbourhood transformation,Real Estate / Retail / Municipal / Energy / Resource Management,Call budget EUR 101100000,Horizon funding,No,Yes,Yes,Programme-specific,Programme-specific,None,2026-12-01 17:00 CET,Consortium and topic-specific built-environment scope required,https://cinea.ec.europa.eu/funding-opportunities/calls-proposals/horizon-europe-eur-1011-million-under-new-european-bauhaus-facility_en
B,WATCH,CEF Digital 5G Edge Smart Communities,EU,5G / edge / smart communities,Connectivity / Wi-Fi / Network / Municipal / Education,Project-level large grants,CEF co-funding,No,Yes,Yes,Programme-specific,Yes,None,FUTURE,Infrastructure-scale deployment and consortium required,https://hadea.ec.europa.eu/programmes/connecting-europe-facility/about_en
B,PARTNER,EIT Urban Mobility RIS Education 2026,EU,Education / innovation / mobility,Education / Municipal / Mobility,Up to EUR 150000 per project per year,EIT funding,No,Yes,Yes/depends category,Programme-specific,VERIFY,None,CLOSED-2026-WATCH-REOPENING,Current 2026 call closed; monitor successor call,https://www.eit.europa.eu/our-activities/opportunities/ris-education-open-call-2026
B,CONDITIONAL,28DIGITAL Venture Incubation Program 2026,EU / associated countries,Digital innovation / entrepreneurship,Bolt / Education / AI tools / Connectivity,VERIFY,Programme support,Yes team,Startup optional,Minimum 2-member team,Programme-specific,VERIFY,None,VERIFY,Requires multidisciplinary team of at least two or eligible recent startup,https://www.eit.europa.eu/our-activities/opportunities/venture-incubation-program
B,PARTNER,DIGITAL JU Chips 2026 AI Simple Grants,EU,AI / semiconductors / digital,Bolt / AI tools / developer infrastructure,EUR 500000-1000000,Digital Europe grant,No,Yes,Likely consortium/project-specific,Programme-specific,VERIFY,None,2026-10-27,Must fit Chips JU AI scope and eligibility,https://ec.europa.eu/info/funding-tenders/opportunities/portal/screen/opportunities/topic-details-tr/DIGITAL-JU-CHIPS-2026-AI1-SG
B,PARTNER,DIGITAL Europe EDIC Support Hub,EU,Digital infrastructure / governance / cross-border cooperation,Bolt / Public / Municipal / Network / digital infrastructure,VERIFY OFFICIAL CALL DOCUMENT,VERIFY OFFICIAL CALL DOCUMENT,No,Partner organisation possible,Yes - consortium must include at least one established EDIC or ERIC,VERIFY,VERIFY,None,2026-10-01,Unfire cannot apply alone; requires established EDIC/ERIC partner and very short deadline,https://digital-strategy.ec.europa.eu/en/funding/shape-future-european-digital-infrastructure-consortia-apply-now
A,WATCH,Red.es AI Models for Startups and SMEs 2026,Spain,AI / SME digitalisation / platforms,Bolt / AI Token Counter / AI infrastructure / Business tools,€40M programme budget - per-project amount VERIFY,VERIFY,VERIFY,Likely,Possible entities or groupings,VERIFY,VERIFY,None indicated,VERIFY / implementation details pending,Operational call terms and applicant eligibility still require verification,https://www.red.es/es/area-prensa/notas-prensa/invitacion-general-modelos-ia-startups-pymes
B,WATCH,EIT Higher Education Initiative Call 2026,EU / Horizon Europe associated countries,Education / STEM / deep tech / entrepreneurship,Education / Bolt / AI tools / innovation infrastructure,VERIFY when call opens,VERIFY,No,Partner role possible,Yes - HEI-led ecosystem expected,VERIFY,VERIFY,None,Q4 2026 launch - deadline VERIFY,HEI-led consortium and exact 2026 call terms not yet published,https://eit-hei.eu/funding-support/funding-opportunities/open-calls/call-for-proposals-2026/
C,CONDITIONAL,EIT Regional Innovation Booster Hungary 2027,Hungary,Startup scale-up / internationalisation / mobility innovation,Multiple products / market access / internationalisation,"€2,500 travel and conference grant plus programme support",Programme support,No,Yes - Hungarian startup,No,VERIFY,VERIFY,None indicated,2026-10-15,Requires legal incorporation in Hungary,https://www.eiturbanmobility.eu/call-for-proposals/eit-regional-innovation-booster-eit-rib-hungary-2027/
B,PARTNER,Horizon Europe New European Bauhaus Facility 2026,EU / Horizon Europe associated countries,Built environment / neighbourhoods / circularity / urban transformation,Real Estate / Municipal / Public / Climate / Power / Resource Management,€101.1M total call budget across 9 topics; per-project amount varies,Horizon Europe topic-specific,No practical direct route,Legal entity partner,Yes - consortium expected,Horizon Europe grant agreement terms,Topic-specific,None,2026-12-01,Large consortium and topic-specific research/innovation scope,https://cinea.ec.europa.eu/funding-opportunities/calls-proposals/horizon-europe-eur-1011-million-under-new-european-bauhaus-facility_en
B,PARTNER,HORIZON-MISS-2026-04-CIT-NEB-B4P-CCRI-03 Circular Construction,EU / Horizon Europe associated countries,Construction / circular economy / buildings / city scale,Real Estate / Municipal / Resource Management / Climate / Operations,VERIFY topic contribution in official portal,Horizon Innovation Action terms,No practical direct route,Legal entity partner,Yes - consortium expected,Horizon Europe grant agreement terms,VERIFY,None,2026-10-08,Very short deadline and construction/city-scale consortium required,https://ec.europa.eu/info/funding-tenders/opportunities/portal/screen/opportunities/calls-for-proposals?isExactMatch=true&keywords=Smart+City&order=DESC&pageNumber=1&pageSize=50&status=31094501%2C31094502
B,PARTNER,DIGITAL Europe CYBER-11-EULEG,EU,Cybersecurity / compliance / EU legislation,Cybersecurity / Privacy Lens / Compliance / Bolt,€3M-€5M indicative contribution per grant,DIGITAL JU Simple Grant terms,No,Legal entity partner,Yes,Grant-agreement specific,VERIFY,None,2027-01-14,Cybersecurity consortium and EU security eligibility requirements,https://ec.europa.eu/info/funding-tenders/opportunities/portal/screen/opportunities/topic-details-tr/DIGITAL-ECCC-2027-DEPLOY-CYBER-11-EULEG
B,PARTNER,DIGITAL Europe CYBER-11-NCC,EU,Cybersecurity / national coordination / market access,Cybersecurity / Network / Bolt / Business ecosystem,€2M-€3M indicative contribution per grant,DIGITAL JU Simple Grant terms,No,Legal entity partner,Yes,Grant-agreement specific,VERIFY,None,2027-01-14,Requires alignment with NCC ecosystem and consortium role,https://ec.europa.eu/info/funding-tenders/opportunities/portal/screen/opportunities/topic-details-tr/DIGITAL-ECCC-2027-DEPLOY-CYBER-11-NCC
B,PARTNER,DIGITAL Europe CYBER-11-REGCABH,EU,Cybersecurity / regional cable hubs / infrastructure,Connectivity / Network / Cybersecurity / Critical Infrastructure,Around €2.5M indicative contribution per grant,DIGITAL JU Simple Grant terms,No,Legal entity partner,Yes,Grant-agreement specific,VERIFY,None,2027-01-14,Infrastructure-scale cybersecurity project and consortium required,https://ec.europa.eu/info/funding-tenders/opportunities/portal/screen/opportunities/topic-details-tr/DIGITAL-ECCC-2027-DEPLOY-CYBER-11-REGCABH
B,PARTNER,European Capitals of Small Retail 2027,EU / Single Market Programme countries,Retail / commerce / municipal digitalisation,Retail / Commerce / Municipal / Public / digital tools,Financial support / programme benefits - exact amount VERIFY,Competition / programme support,No,No direct company applicant,Yes - applicant must be an eligible city,Not applicable / VERIFY,VERIFY,None,2026-10-09,Only eligible cities can apply; Unfire would need a municipal partnership,https://single-market-economy.ec.europa.eu/single-market/services/retail/european-capitals-small-retail-ecosr/how-apply_en
C,WATCH,Catalonia Commerce Digital Transformation Grants - next edition,Catalonia / Spain,Retail / commerce / digitalisation / AI,Retail / Commerce / AI / automation / Business tools,"2026 reference: up to €5,000",2026 reference: up to 50%,2026: self-employed professionals eligible,No - depending on beneficiary category,No,VERIFY next edition,2026 required beneficiary share,None,WATCH NEXT EDITION,2026 call closed 12 August; monitor successor call,https://canalempresa.gencat.cat/es/detall/article/subvencions2026-00001
A,PARTNER,DIGITAL-2026-SKILLS-10-EDTECH,EU / DIGITAL associated countries,Education / EdTech / AI / digital skills,Education / Bolt / AI tools / digital learning infrastructure,€2.7M total topic budget,DIGITAL Europe grant terms,No,Legal entity partner,Yes - European accelerator consortium,Grant-agreement specific,VERIFY official topic conditions,None,2026-10-01 17:00 CEST,Very short deadline; consortium must operate an EdTech accelerator and provide testing/pilot ecosystem,https://hadea.ec.europa.eu/calls-proposals/dep-call-10-advanced-digital-skills_en
A,CONDITIONAL,Singapore MAS Financial Sector Technology and Innovation Scheme FSTI 4.0,Singapore,FinTech / Banking / AI / financial infrastructure / cybersecurity,Finance / Banking / Markets / AI / Bolt / Cybersecurity / Network,S$220M total FSTI 4.0 programme over 3 years; track-level support VERIFY,Track-specific co-funding,No practical direct route,Yes - Singapore-based FI or FinTech depending on track,Possible / track-specific,VERIFY by track,Likely track-specific co-funding,Grant/co-funding scheme; no equity indicated for core FSTI tracks,ONGOING / track-specific,Requires Singapore financial-sector presence or eligible local FinTech/FI route,https://www.mas.gov.sg/news/media-releases/2026/mas-commits-s%24220-million-to-support-next-phase-of-fintech-innovation
